

{
                    "question": "What is the total number of requests for account balance?",
                    "options": [{
                        "option": "0",
                        "isCorrect": "No"
                    }, {
                        "option": "1",
                        "isCorrect": "No"
                    }, {
                        "option": "2",
                        "isCorrect": "No"
                    }, {
                        "option": "3",
                        "isCorrect": "Yes"
                    }, {
                        "option": "4",
                        "isCorrect": "No"
                    }]
                }