

{
                    "question": "Which purchase order is filed in drawer 2?",
                    "options": [{
                        "option": "Allied Systems - $5,000",
                        "isCorrect": "Yes"
                    }, {
                        "option": "Yellow Bird Industries - $200",
                        "isCorrect": "No"
                    }, {
                        "option": "Montgomery Industries - $7,500",
                        "isCorrect": "No"
                    }, {
                        "option": "Atlanta Metal Warehouse - $8,200",
                        "isCorrect": "No"
                    }]
                }